NUMBER,NAME,CONTACT,NUMBER,,FAX NUMBER,E-MAIL
200,TQM LLC,,,,,
500,TQM - PURCHASING,Mackenzie,,,,mackenzie@abrazohomes.com
20000,210 HomeBuyers Warranty,,(800) 488-8844,,,
109999,7-Eleven,,,,,
110000,ABCWUA,,,,,
110045,ABQ Airport,,,,,
110050,ABQ Aviation,,,,,
110100,Abrazo Homes LLC,,,,,
110150,Academy Reprographics,,,,,
110200,Accent Stair & Specialty,Linda Novak,(800) 753-2240,,,lnovak@accentstair.com
110250,Ace Hardware,,(505) 792-8600,,,
110270,Adlesperger Investment Entrprises LLC,,,,,
110290,Adobe,,,,,
110295,ADP,,,,,
110300,ADT Security Services,,,,,
110350,AdWerx,,,,,
110400,Aguamatic Landscape LLC,Dean Larranaga,(505) 220-9392,,(505) 256-3242,deanlarranaga@msn.com
110430,Albertsons,,,,,
110450,Albuquerque Awning Co,,,,,
110451,Albuquerque Business First,,,,,
110475,American City Business Journal,,,,,
110500,Albuquerque Chamber of Commerce,Joy Davis,(505) 764-3725,,,
110550,Albuquerque Curb Cutting,Curtis Burnett,(505) 857-9664,,,
110590,Albuquerque Image Products,Jason Kanak,(505) 816-266,,,jason@albimage.com
110600,Albuquerque Mattress Company,,(505) 247-8633,,,
110610,Albuquerque Polished Concrete Company,,,,,
110615,"Albuquerque Stair, LLC",Dorlores,,,,dolores@abqstair.com
110620,Aldermill Incorporated,Levi Sanchez,(505) 998-7289,,(505) 998-7296,
110700,"All Seasons Window and Glass, LLC",,,,,
110750,Allsups,,,,,
110800,Alpha Septic Tank Corporation,,(505) 822-9027,,(505) 822-9029,
110850,*Always Green NM LLC,Yvonne Pedersen,(505) 850-7739,,,
110900,Amazon.com,,,,,
110940,America First Credit Union,MEMBER # 31554488Auto+1,,,,
110950,American Airlines,,,,,
110960,American Bank Checks,,,,,
110970,American Express Credit Card,,,,,
110990,American Leak Detection,,,,,
111000,"American Management Enterprises, Inc.",,(606) 702-9901,,,
111050,"American Stainless Equipment, Inc.",,,,,
111085,AMREP Southwest,,,,,
111100,AmTrust North America,L Davis,,,,
111101,Andrew Salazar,,,,,
111150,Apple Blossoms at Taylor,,,,,
111200,Applebees,,,,,
111250,Ashley Furniture HomeSto,,(505) 798-9400,,,
111300,Aspen Block LLC,Tami DeGolyer,(505) 897-7099,,,tdegolyer@aspenconcrete.com
111350,Aspen Construction LLC,,,,,gsanchez@aspen-nm.com
111400,At Home,,,,,
111425,"Atlas Pumping Company, Inc.",,(505) 898-3936,,,
111450,Attention Flag,,,,,
111500,"Avid Ratings, Inc.",CEO Paul A Cardis,(608) 824-2500,,,
111550,"AXIOM CPAs  Business Advisors, LLC",,(505) 767-7610,,(505) 767-7601,
120000,B & D Trophies and More,,,,,
120050,Banker Building Products,,(505) 341-4600,,,
120055,Bank of America,,,,,
120100,Barnhill Bolt Company,,(505) 884-1808,,,
120101,Babies R Us,,,,,
120130,Bear Carpet & Oriental Rug Cleaning,Jeff,(505) 888-1166,,,
120135,"Bearnoon, Inc.",,,,,
120140,Bed Bath & Beyond,,,,,
120150,Bella Media LLC dba Su Casa,,(505) 344-1783,,,
120200,Berens Kozub Kloberdanz,Matthew R Berens,(480) 624-2777,,,
120250,Best Buy,,(505) 922-1301,,,
120285,"BETA Investments, LLC",,,,,
120300,Better Business Bureau of Albuquerque,President Jerry Shipman,(505) 326-6501,,(505) 327-7731,
120330,Big 5 Sporting Goods,,,,,
120340,"Big Sky Holdings, LLC",Michael Walker,,,,
120350,Bishop Management Associates,Elveta Bishop,,,,
120354,BJ's Restaurant,,,,,
120355,Blake's Lotaburger,,,,,
120356,"BMC West, LLC",SamSalazar/Nicole Boesch,(505) 343-5827,,,samuel.salazar@stocksupply.com
120358,Bobs Burger,,,,,
120359,Bohannan Huston,,(505) 823-1000,,,
120360,Bomb Bomb,,,,,
120400,"Bony Baca Construction, Inc.",Adrian Bonifucio Baca,(505) 246-9007,,,adrianbaca@gmail.com
120420,*Boot Grill,,,,,
120425,Boxing Bear Brewing Co,,,,,
120430,*Brian McCarthy,,,,,
120450,*Broadway Premium Funding,,(800) 837-2511,,(847) 374-3010,
120500,Budget Professional LLC,,(505) 217-6269,,(505) 897-6485,
120550,Buffalo Wild Wings,,,,,
120600,Builder Designs Inc,,,,,
120650,*Builder Homesite Inc,,(512) 371-3800,,,
120700,Builder Partnerships,,(303) 972-7666,,,
120750,"Builders Digital Experience, LLC",Brandon Reinohl --,(512) 651-8827,,,see company address for 1099 info
120775,"Builders FirstSource, Inc.",Greg Romero/Joe Rubilino,(505) 858-3727,,(505) 823-1566,greg.romero@probuild.com
120800,Builders Mechanical,Denise Baker,(505) 797-2170,,(505) 797-8531,dbaker@buildersmechanical.com
120850,Builders Source Appliances,Tiffany Brunacini,(505) 900-3341,,,TIFFANYB@BUILDERSSOURCE.COM
120855,Builders' Trust of New Mexico,,(505) 345-3477,,,
120900,Building Safety Division,,,,,
120950,Bullseye Painting,Anthony,(505) 410-6786,,,bullseyepaintingnm@gmail.com
121000,Burlington Coat Factory,,,,,
130000,C & A Plumbing LLC,,,,,
130025,CBM,,,,,
130030,Cable One,,,,,
130035,Calistoga Balloons,,,,,
130040,Cal Ply-Albuquerque,,,,,
130045,Callrail.com,,,,,
130050,Canon Financial Services,,,,,
130075,*Cardmember Services,,,,,
130080,Carlos Miranda Doors,Carlos Miranda,(505) 440-5604,,,carlosmiranda8415@gmail.com
130090,"Casa di Ferro, Ironwork Inc.",,(505) 319-2002,,,
130100,CB Development LLC,,,,,
130150,CenturyLink,,,,,
130225,Champion Truss Inc,,,,,
130250,*Charlie Gittos,,,,,
130275,Chase Cardmember Service,,,,,
130300,*Chavez Lath & Plaster,,,,,
130325,Chateau Niteclub,,,,,
130350,Chevron,,,,,
130370,Chief Architect Software,,,,,
130375,Chilis,,,,,
130400,Chin Shan Chinese Restaurant,,,,,
130420,Chipotle,,,,,
130425,*Cibo Express Gourmet Mar,,,,,
130430,Cibola Girls Soccer Program,,,,,
130450,Circle K,,,,,
130475,City of Albuquerque,,,,,
130500,City of Rio Rancho Development Svcs Dept,,(505) 891-5004,,,
130525,Classically Clean Design,,,,,
130550,Clear Evaluations LLC,,(281) 907-7888,,,accounting@clearevaluations.com
130575,CliffDweller Productions,Ofc Mgr Cindy Melo,(505) 891-7400,,,
130600,Cloud Buster Balloons,,,,,
130625,CNA Surety,Reynolds & Rodar Ins Grp,(888) 866-2666,,(605) 335-0357,uwservices@cnasurety.com
130650,*Coe Administrative Services,,(505) 994-3000,,,
130675,Comcast,,,,,
130680,Comfort Solutions of New Mexico LLC,,,,,
130690,*Committee to Elect Eric Burton,,,,,
130695,Communications Supply Corporation,,,,,
130700,Community First Bank of Las Vegas,,,,,
130725,Community Sciences Corporation,Mgr Tony C Yanchulis,(505) 897-0000,,(505) 898-5195,communitysciences.com
130750,Concrete Washout Systems,Ira  Lucretia Rodriguez,(505) 892-2550,,(505) 891-3781,
130752,Connection Plumbing,Shane Wright,(480) 980-2412,,(480) 323-2678,swright.connectionplumbing@gmail.co
130755,Consensus Planning Inc,,(505) 764-9801,,,
130775,*Consensus Planning,,,,,
130800,"Consolidated Solar Technologies, LLC",,(505) 792-6359,,,
130805,"*ConspectNM, LLC",,,,,
130825,Construction Seminars,,,,,
130850,Container Store,,,,,
130875,*Contemporary Classic Design,,,,,
130877,Contractors Bonding Service,,,,,
130880,Corner Store,,,,,
130890,Corrales Elementary PTA,,,,,
130900,Cort Business Services Center,,,,,
130925,Costco,,,,,
130935,"County of Bernalillo, Planning & Dev Svc",,(505) 314-0350,,,
130937,Courtyard by Marriot,,,,,
130940,Craigslist,,,,,
130945,"Creative Countertops & More, LLC",Will Keeling,,,,info@creativecountertopsandmore.com
130950,Crystal Springs,,(505) 822-9089,,,
130975,Custom Grading Inc,,,,,
131000,CVS,,,,,
140000,"D & J Plumbing, LLC",Drew J Faulkner,(505) 322-2110,,(505) 312-7960,Drewjfaulkner@gmail.com
140010,D & J Plumbing /Drew Faulkner,Drew Faulkner,(505) 322-2110,,,drewjfaulkner@gmail.com
140050,*Dalton Service Center,,,,,
140075,DataTraq,Jan DeMaggio,(505) 291-8432,,,pdemaggio@comcast.net
140100,Davis Kitchens,Alt Name M K Industries,(505) 292-4800,,,
140150,Dell Computer Corporation,,,,,
140200,Delta Dental of New Mexico,,,,,
140250,Deluxe Design,,,,,
140300,Denis M McCarthy,,,,,
140350,US Department of the Treasury,,,,,
140400,*Desert Cab,,,,,
140410,Desert Greens Golf Course,,,,,
140430,Desert Plastics,,,,,
140450,Detailed Maintenance Inc,Mario Martinez President,(505) 205-3406,,(505) 232-2511,mario@detailedmaintenanceinc.com
140500,*Digital River an ecommerce vendor,,,,,
140530,Dions,,,,,
140550,Discount Tire,,(505) 890-3088,,,
140600,DiscountMugscom,,,,,
140625,DNB Business Delivery,Hector V Valenzuela,(505) 550-4179,,,dnbdelivery@q.com
140650,Don Chalmers,,,,,
140700,Don Mickey Designs Inc,Don Mickey,(505) 256-7031,,,
140750,Dropbox Inc,,(888) 446-8396,,,
140755,"DR Scott, LLC",Robert Prewitt,,,,
140760,Dr Vinyl,Tami Detwieler,(505) 994-2663,,,dvabq@yahoo.com
140780,Duke Contractor Services,Jeremy Lopez,,,,Jeremy.Lopez@truteam.com
140800,Dun  Bradstreet Inc,,,,,
140900,"Dynamic Painting, LLC",Edwin E Sanchez Carrera,(505) 459-2246,,,Dynamic24@q.com
150000,EarthTech,Dennis R Pyle,(505) 991-0677,,,
150025,Earthworks Engineering Group LLC.,David Liebelt,(505) 889-4886,,,wendyeeg@spinn.net
150050,East Mountain High School Foundation,Susan McGuire,,,,
150055,Easton Sales and Rentals LLC.,,,,,
150065,ECI-(Mark Systems INc.),,,,,
150100,EcoSmart Inc,,(310) 945-3335,,,
150110,Edible Arrangements,,,,,
150125,*Edgewater Hotel,,,,,
150130,El Pinto Restaurant,,,,,
150140,Ellis & Associates,,(312) 224-4604,,,john@ellis-and-associates.com
150150,Elkay Sales Inc,Deb Quast,(952) 442-9432,,,deb.quast@elkay.com
150155,El Ranchito de los Ninos Foundation,,(505) 565-4470,,(505) 866-9527,
150200,*Eric Spurlock Custom Homes,,(505) 275-6783,,,
150225,Justin Esquibel & Carmela Montoya,,,,,
150250,Print Design Lab,Ethan Hinckley,(505) 379-3062,,,
150300,Ethridge Tire Center,,(505) 883-7181,,,
150350,"EX Squared Solutions, Inc.",Pr Mgr Allyson Ingerman,(512) 651-8833,,,
150355,"Fabric Building Specialties, Inc.",,(505) 474-6460,,,
150500,K & G Excavating LLC,Kevin Pacheco,(505) 933-1099,,,kgexcavating@aol.com
160000,Facebook Advertising,,,,,
160050,FAPCO LLC,,,,,
160100,*FastMac,Sabrina Vinaja,(408) 850-6232,,(408) 562-3955,
160110,FastSigns,,,,,
160150,FedEx,,,,,
160200,Fidelity National Title,,,,,
160250,First American Title Insurance Company,,,,,
160260,First Insurance Funding Corp,,,,,
160300,*Floorscapes New Mexico,,(505) 857-0438,,(505) 857-0742,
160330,Flying Star,,,,,
160350,FormCove Mfg Co Inc,John Santoniello,(505) 892-0700,,(505) 891-2984,
160355,Four Hills Ranch Investment LLC,,,,,
160370,For The Kids Fund,,,,,
160400,FFB Build Green New Mexico,,,,,
160425,Ferguson Enterprises,,,,,
160450,Fresh and Clean ABQ,,(505) 293-7311,,,
160455,Friends Of Baila Baila !,,,,,
160500,"FTS Business Consultants, Inc.",,,,,
160550,"Fusion 4 Branding, Inc.",,,,,
170000,Garrity Insulation,,,,,
170050,Gabriel Hermen Guzman,Gabriel_Guzman83@yahoo.c,(505) 203-7916,,,
170055,Garcias Tents,,,,,
170060,Gardunos Restaurant,,,,,
170075,"General Inspectors, Inc.",Joseph Lebron,(505) 261-0351,,,
170100,George Medchill,,,,,
170150,Georgia Stelluto,,,,,
170200,Get A Grip Resurfacing LLC,,,,,
170210,*Giada Restaurant,,,,,
170250,Giant,,,,,
170275,Glass Pro,,,,,
170300,*Glen Mondragon,LANB Inspector,,,,
170350,Go Daddy,,,,,
170400,Google Inc (dba google.com),,,,,
170450,*Googlecom,,,,,
170460,*Gordmans,,,,,
170475,Grace Church,Aaron,(505) 821-8800,,,aaron@gracechuchabq.org
170480,Scott or Laura Grady,,,,,
170500,Grainger,,,,,
170550,Graphic Industries Inc,,(505) 881-1477,,,
170600,Graybar Electric,,,,,
170650,Greater Albuquerque Chamber of Commerce,,(505) 764-3700,,,
170655,Green Summit Landscape Management LLC,,(505) 990-5754,,,
170700,Gregory LLC,John Gregory,,,,
170750,Groff Lumber Company Inc,,,,,
170800,"Guzman Construction Solutions, LLC",,,,,
179995,Hajoca Corporation,Dahl/,,,,
180000,Hammer Construction LLC,Hugo Ferna or Ivan,(505) 259-0586,,(505) 452-1941,hammerconstruction@comcast.net
180050,Harbor Freight,,,,,
180100,Harland Clarke Check,,,,,
180135,"Hartford Homes, LLC",Sami Hageman,,,,Sami@harfordco.com
180136,Hartford Insurance,,,,,
180175,Haskins Electric LLC,Jason Denton,(623) 937-3999,,,Jdenton@haskins-Electric.com
180180,*Heckler Designs,,,,,
180185,Hello Bond,,,,,
180200,"Creative Touch Interiors, Inc.",Amy McDonald &Rita Stump,(303) 363-3744,,,amy.mcdonald@isidc.com
180250,Heritage Title Company,,(505) 865-1177,,,
180300,Hilton,,,,,
180350,HMSHOST,,,,,
180400,Hobby Lobby,,,,,
180450,Holistic Energy Rating Services,Richard Acosta,(505) 235-0217,,(505) 345-9363,
180500,Home Builders Association,,(505) 344-3294,,,
180550,"Home Depot U.S.A., INC",,,,,
180600,Home Goods,,,,,
180650,*Home Seer Shipping,,,,,
180700,"Home Team Pest Defense, Inc.",,(505) 265-1113,,(505) 265-1361,
180750,*HomeFront Software,,,,,
180775,HomeWise,,,,,
180780,Horn Custom CleaningLLC,,,,,
188000,Ideal Mirror & Glass Inc.,Heather Sanchez,(505) 294-0699,,(505) 294-0637,hs@idealmirrorandglass.com
190000,IKEA,,,,,
190050,In The News Inc,,,,,
190100,Inspections NM LLC,,,,,
190110,"Inspections Plus, Inc.",,(505) 344-9410,,(505) 344-9861,bookkeeping@inspectionsplusinc.com
190130,Inspirato,,,,,
190135,"Interior Specialist, Inc.",,,,,
190140,"International E-Z Up, Inc.",,,,,
190145,"International Protective Service, Inc.",,,,,
190150,Intuit Inc,,,,,
190350,"Ironclad Concepts, LLC",Cameron Mayer,(505) 610-9632,,,ironcladnm@gmail.com
190352,ISG-Insurance Specialty Group,Deanna Brock,(678) 742-6361,,,DBrock@isgins.com
190370,*IStock,,,,,
200000,Jasons Deli,,,,,
200020,"JCH, Inc.",Jessica Vann,(505) 835-5313,,,jav@jchinc.com
200035,Jiffy Lube,,,,,
200050,JPR Decorative Gravel,,,,,
200053,"JP Transport, Inc.",,,,,
200090,Jimmy Johns,,,,,
200100,Jinja Bar and Bistro,,,,,
200150,JJK Group Inc,,(505) 296-5706,,,
200200,JLK Construction LLC,Jim Kolb,,,,jim@jlkabq.com
200225,Jorge Acosta,,,,,
200250,Junior Achievement NM,,(505) 235-1808,,,
200300,Junior League of Albuquerque,,,,,
210000,Kellys Brewery,,,,,
210050,*Kevin Wruck,,,,,
210100,*Keylink Solutions,,,,,
210115,"Kings of Wrap, LLC","Daniel Rodriguez,",(505) 892-1983,,,accounts@thekingsofwrap.com
210130,Kirkland's,,,,,
210145,Michael & Christie Kiser,,,,,
210150,*Kitchens by Craig,,,,,
210975,"Labor Ready Central, Inc.",customercare@laborready.,(505) 348-3081,,(505) 348-4932,1215-br@LaborReady.com
210980,"KJ Franchise, Inc/ Moji",,,,,
210985,LG Paintings,Luis Gallardo,,,,
220000,*Larry Reetz Construction,Larry Reetz,(505) 771-8310,,(505) 771-2625,
220050,Lasso Data Systems Inc,,(604) 214-8555,,,
220051,"Lastrapes, Spangler & Pacheco, P.A.",,(505) 892-3607,,,
220055,Latitudes,,,,,
220100,LeeSure Pools INC,,(505) 345-6606,,,
220120,Leukemia Lymphoma Society New Mexico,,,,,
220130,Lisa Ramsey (Consultant 4 hire),Lisa Ramsey,(704) 746-4486,,(704) 573-4323,lisa@consultant4hire.com
220150,Little Caesars,,,,,
220155,Lincoln Automotive Financial Services,,,,,
220200,*Lobo Sports Properties LLC,Staci Tafoya,,,,
220240,Lomas Encantadas Master Association,associations.ssr@gmail.c,(505) 377-1017,,(505) 891-4047,
220250,Longhorn Construction Co,,(505) 234-1903,,,coliver32.longhorn@gmail.com
220300,Longhorn Steakhouse,,,,,
220350,Los Alamos National Bank,,(505) 662-5171,,,
220400,Los Cuates Westside,,,,,
220450,Lowes Home Centers Inc,,(505) 349-2840,,,
229000,*Mackenzie Bishop,,,,,
230000,MagicJack.com,,,,,
230040,Main Bank,,,,,
230050,*Mandarin Rexdale,,,,,
230053,"Mariposa Community Association, Inc.",Brandon Gxile,(480) 921-7500,,,bexline@ccmcnet.com
230055,Mariposa East PID,,,,,
230100,Mark William Photography,,(505) 252-6459,,,
230150,Marriott,,,,,
230155,Joan Anne Marsh,,,,,
230175,Marquez Wrought Iron,Gabriel A Marquez,(505) 831-3159,,,marquezsteel11005@gmail.com
230200,Marshalls,,,,,
230250,Matheson TriGas Inc,,(505) 247-3751,,,
230260,*Mattress King,,,,,
230300,Maverik Adventures First,,,,,
230350,*Max Grading LLC,,,,,
230400,Maxwell Area Rugs,,,,,
230450,Mazda Computing Inc,,,,,
230500,*McPherson West,,,,,
230550,*Mears Transportation,,,,,
230600,*Medallion Depot,,(505) 884-0041,,,
230650,MediaMatched Inc,,(505) 890-7755,,,
230675,Gregorio & Crystal Melendez,,,,,
230700,*MercedesBenz Fin Svcs,,(800) 654-6222,,,
230750,Metro Development Inc,,,,,
230800,MGM Grand,,,,,
230850,Vera Control (aka Mi Casa),eCommercePlatform,,,,Mi Casa Verde Shop
230900,Michaels,,,,,
230901,Michael Richards Memorial Fund,,,,,
230950,Microsoft Office Software,,,,,
231000,*Mifsud Associates Architecture,,(505) 982-8363,,,
231050,*Mike Clifford,,,,,
231100,Mike Lyon Group,,,,,
231120,Miller's Inc.,,,,,
231130,Minutekey,,,,,
231135,Mission Linen Supply,,(505) 344-4838,,,
231140,Mister Car Wash,,,,,
231150,Misty Bishop,,,,,
231200,Modern Security Systems,,(505) 891-2245,,,
231250,Modular Space Corporation,,,,,
231275,Moji Photography Studio,,(505) 255-6424,,,
231300,Mountain West Sales Inc,Jim Lyle,,,,Jim@mountainwestsales.net
231325,Monte Del Sol,,,,,
231350,MoreThanGates,Art Edelhoff,(505) 221-6673,,,art@morethangates.com
231400,*Moxiware,,,,,
231425,MPJ Law Firm,,,,,michael@mpjlawfirm.com
231450,Mudhouse Advertising,,(505) 232-2120,,,
231500,*Muirfield Village Golf S,,,,,
231525,Murphy Express,,,,,
231530,Corrales Cultural Arts Council,,,,,
231540,My Choice Software,,,,,
231550,MyFax,,,,,
240000,NAHB Builder 20 Club 13,,,,,
240050,NAIOP,,,,,
240100,National Association of Home Builders,,(202) 266-8117,,,
240120,Nest Labs,,,,,
240150,*Net Direct Merchants,,,,,
240175,New Mexico Bank and Trust,,,,,tLynne@nmb-t.com
240200,*New Mexico Environmental,,,,,
240250,New Mexico Gas Company Inc,,,,,
240300,*New Mexico Property,,,,,
240350,New Mexico State Engineer,,,,,
240400,New York Life,,,,,
240450,NewEgg.com,,,,,
240500,Nicky Vs Neighborhood Pizza,,,,,
240550,Nissan Motor Acceptance Corporation,,(800) 456-6622,,,
240600,NM Aggregates LLC,,,,,
240650,NM Department of Workforce Solutions,,,,,
240750,*NM Independent Auto Deal,Paul,(505) 206-1643,,,
240800,NM Motor Vehicle Department,,,,,
240815,"NM Photos, LLC",Darrell De Vantier,,,,
240850,NM Sports and Wellness,,(800) 313-7208,,,
240900,"NM Taxation & Revenue, Workers' Comp Adm",EAN 281204,,,,
240950,NM Taxation Revenue Dept (Corp Taxes),,,,,
241000,NM Taxation Revenue Dept (NMGRT),,,,,
241050,NM Tax&Rev Dept (Payroll-UPLOADED as JEs,,,,,
241055,NMSU Foundation,,,,,
241075,Nusenda Credit Union,,(505) 889-7755,,,
241100,*NY NY Casino,,,,,
250000,Octopus Car Wash,,,,,
250050,Office Depot,,,,,
250100,*Office of the City Clerk,,(505) 891-5004,,,
250150,OfficeMax North America,,,,,
250160,OJOS Locos Sports,,,,,
250200,Old Republic National Title Ins Company,Karla J Walker,(505) 994-6700,,,
250220,On-Site Fuel Company,,,,,
250225,"On-Site Transport, LLC",,,,,
250250,On The Spot Automotive Detailing,,(505) 859-2859,,,
250300,Overhead Door Company of Albuquerque,,,,,
250350,Otero & Sons Roofing Corp,,,,,scheduling@oteroandsonsroofing.com
250400,Overstockdealscom,,,,,
260000,PaaKo Ridge Golf Club,,,,,
260001,Paako Communities Homeowner's Associatio,,,,,
260002,Paako Communities Sewer Association,,,,,
260050,Panera,,,,,
260100,Pappadeaux Seafood,,,,,
260150,Paradise View HOA,,(800) 447-3838,,,
260200,Party City,,,,,
260250,Bernalillo Cty Treasurer,,,,,
260251,Patrick Amador,,,,(505) 214-5034,pascomailboxes@gmail.com
260300,*PATSCO,,(505) 247-9741,,,
260310,Paul's Custom Trailers,Paul Padilla,(505) 712-7320,,,
260320,"Paul Davis Restoration of NM, Inc.",,,,,
260350,*Payment Remittance Center,,,,,
260375,Peak Moment Media,Paul Isaac Martinez,,,,
260400,Pei Wei,,,,,
260450,*Pelican Water Systems,,,,,
260500,Pennzoil Quaker State Company,,,,,
260510,Pension Planning Consultants,,(505) 880-1283,,(505) 880-0295,
260525,Perfect Finish Construction LLC,Eric Martin-owner,,,,PerfectFinishContruction@msn.com
260550,Persistent Balloons,,,,,
260600,Personnel Concepts,,(800) 333-3795,,,
260625,Petroglyph Estates Neighborhood Assoc.,,,,,
260630,Pi Brewing Company,,(505) 890-9463,,,
260650,Pier 1 Imports,,,,,
260655,Pilot Club of Belen,,,,,
260660,Pitre,,,,,
260700,*Plant World,,,,,
260725,PODS Albuquerque,,,,,
260750,*Ponia Lamendola Cleaning,,,,,
260770,Pottery Barn,,,,,
260800,Power Generation Service,,(505) 323-2032,,,
260850,Presbyterian Insurance Company,,,,,
260855,Preventive Pest Control LLC,,,,,
260860,ProFlowers,,,,,
260865,Propel Cleaning Services LLC.,Robert V. Martinez Jr.,,,,
260900,*Priority Plumbing & Heating,James Luna,(505) 866-9366,,,
260910,Prime PC Repair,,(505) 750-7321,,,andy@primepcr.com
260950,"Proactive Pest & Weed Control, LLC",Jedediah Thacker,(505) 433-7055,,,info@proactivepestandweed.com
261000,ProBuild,Greg Romero,(505) 858-3727,,(505) 823-1566,greg.romero@probuild.com
261050,PSI,,(877) 663-9267,,,
261100,Public Service Company of New Mexico,,(505) 246-5700,,,
261150,*Public Works Division,,,,,
261200,Pump N Save,,,,,
265000,QiaoQiao Jade Bi,,,,,
265015,Quickbooks,,,,,
265030,Quill,,,,,
270000,"Quality Elevators and Lifts of NM, LLC",Eli Gutierrez,(505) 228-8402,,,eli@qualityelevatorsandlifts.com
270050,*Quivera Estates Homeowners Association,,,,,
270100,Quiznos,,,,,
280000,RAC Construction Inc,Jessica Clauss,(505) 991-5381,,(505) 341-9775,racconstructioni@aol.com
280005,R & S West,,,,,
280025,"RAKS Building Supply, Inc.",,,,,
280050,Rammelkamp Muehlenweg C,,(505) 247-8860,,,
280060,"Emil Kiehne & Sons, Inc.",,,,,
280064,Entranosa Water & Wastewater Association,,,,,
280065,Envision IT Solutions/Bohannan Huston In,,(505) 823-1000,,,
280100,Rapid MVD Services,,,,,
280150,*Rapid Refill,Slayton Austria,(505) 816-7224,,,
280200,RayLee Homes,,(505) 892-5533,,,
280250,*Rays Flooring Specialist,AR Debi Moore,(505) 883-1967,,(505) 883-3256,
280289,Read West,,,,,
280290,Realty One Charity Golf Classic,,,,,
280295,Realty Trac,,,,,
280296,"Reclaimed DesignWorks, LLC",,,,,
280300,Red Robin,,,,,
280350,Red Shovel LLC,,(505) 243-2277,,,
280400,Registercom,,,,,
280420,Reliable Nissan,,,,,
280425,"Rendering House, Inc.",Catherine,,,,catherine@renderinghouse.com
280430,RES Design,,,,,
280440,Resources Unlimited,,,,,
280450,"Reynolds & Rodar Insurance Group, Inc.",Aaron Enloe,(505) 983-4353,,,
280460,"RHS Properties, Inc.",,,,,
280500,Richard Pino Station,,,,,
280550,RingCentral Inc,,,,,
280552,Rio Grande Brew Pub,,,,,
280555,Rio Grande Engineering,David Soule,(505) 321-9099,,,
280575,"Rio Grande Realty & Investments, LLC",Todd Kruger,(505) 250-8135,,,
280600,Rio Rancho Economic Development,,(505) 891-4305,,,
280650,Rio Rancho Regional Chamber of Commerce,,(505) 892-1533,,,
280700,Rio Rancho Signs,,,,,
280750,Rio Rancho Water & Wastewater Services,,(505) 891-5020,,,
280760,Ritz Carlton,,,,,
280800,Road Runner Waste Services,,(505) 867-9000,,,
280850,*Robert P Ewers Construction,,(505) 264-6543,,,
280900,*Rockefellers Cleaning & Restoration,,(505) 268-5585,,,
280950,"Rocky Mountain Business Systems, Inc.",,(505) 323-5252,,,
281000,"Rodgers & Co., Inc",,(505) 877-1030,,(505) 877-1105,
281025,Rosie's Cleaning,Rosalia Perez,(505) 907-9961,,,rosalia218@gmail.com
281050,Ross,,,,,
281100,Rudys Real Texas BarBQ,,,,,
281150,*Rustica Hardware,,,,,
289999,Sade  M. Patterson,,,,,
290000,Sadies of New Mexico,,,,,
290045,Safety Flare,,(505) 884-2274,,(505) 884-0721,
290050,Saffron Tiger,,,,,
290075,St. Pius X High School Foundation,,,,,
290100,Sakura Sushi  Grill,,,,,
290150,*SalesForcecom Inc,,(415) 901-7000,,,
290200,Sams Club,,,,,
290225,San Juan River Outfitters,Thomas J. Massey,,,,
290250,Sandia Area Federal Credit Union,,(505) 292-6343,,,
290275,"Sandler Training, New Mexico",Andrew Salazar,(505) 264-3154,,,andrew.salazar@sandler.com
290300,Sandia Laboratory Federal Credit Union,,(505) 293-0500,,,
290350,Sandoval County Treasurer,,,,,
290400,Santa Ana Star Casino,,,,,
290420,Santa Monica Estates HOA,,,,,
290421,Santa Monica Place Development,,(505) 998-0163,,,
290450,*SBS Construction Service,Pat Austin,(505) 877-0770,,(505) 873-2438,
290500,Seasons Grill,,(505) 766-5100,,,
290525,Security Escrow,,(505) 262-1566,,,
290550,*Semones and Son Construction,,(505) 244-0873,,,
290600,*Seven Bar Elementary,,,,,
290635,Shell,,,,,
290650,SherwinWilliams,,(505) 833-1316,,(505) 833-1317,
290685,Sierra Refinishing,,,,,
290695,Sigler Wholesale Distributors,,,,,
290700,Signs on the Cheap,,,,,
290750,*Simon Property Group LP,Scott Wides,(505) 897-5671,,,
290770,*SLG Holdings,,,,,
290775,SLS Las Vegas,,,,,
290850,*Smart Center Albuquerque,Aaron Salman,(505) 999-2512,,,
290900,SME Inc,Dodi,,,,
290950,Smiths,,,,,
291000,*Software Services Ltd,Jakob Tronquist,(403) 202-7291,,(403) 346-9600,
291050,*SonicsSEOcom,Michele Reseigh,(505) 821-2000,,,
291055,Sophisticated Sweeper,Sarah Judson,(505) 365-4039,,,Sarah@sophisticatedsweeper.com
291100,SouthWest Air,,,,,
291150,Sparling Construction Co,,,,,
291165,*Spinns Burger,,,,,
291200,Stanley Steemer,,,,,
291250,Staples,,,,,
291260,Starr Brothers Brewing,,,,,
291300,Starbucks,,,,,
291310,State Farm Insurance,Cindy Maxwell,(505) 883-9000,,,
291330,State of New Mexico,,,,,
291350,Stewart Title of Albuquerque,,,,,
291400,"Stock Building Supply, LLC",,(505) 877-0770,,(505) 823-2438,
291440,Stone Face Tavern,,,,,
291445,"Stone Systems of New Mexico, LLC",,(505) 877-9242,,,monique_gallegos@stone-systems.com
291450,Storefront Specialties & Glazing,,,,,
291500,*Streetlinks Appraisals,,,,,
291550,Stumbling Steer,,,,,
291600,StyleToursABQcom,,(505) 750-7355,,,
291650,Subia Inc,,(505) 345-2636,,,
291652,Sundance Mechanical Utility Corp,,(505) 345-2694,,(505) 345-0946,
291653,"Su Casa Home Staging and Redesign, LLC",Nicole,(505) 681-5642,,,Nicole@sucasastaging.com
291655,Sunrise General,,,,,
291700,*Sunset Cabinets LLC,Gilbert Salas,(505) 345-9110,,(505) 345-1804,
291750,Sunstate Equipment Company,,,,,
291780,"Sunwest Trust, Inc.",,,,,
291800,"Superior StormWater Services, LLC",,(505) 433-3693,,,tim@superiorstormwater.com
291850,Survey Monkey,,,,,
291860,Sushi King,,,,,
291870,Sweepovac,,,,,
291900,Syncplicity.com,,,,,
291995,Tangible Advertising,Lori Hilton,,,,
300000,Target,,,,,
300050,*TAS Security Systems,,,,,
300055,Taxi,,,,,
300100,Ted Ortega dba Ortega Welding,Ted Ortega,(505) 252-0111,,,
300150,Territorial Landscape Co,,(505) 898-9199,,,
300200,Bagel Deli Bakery,,,,,
300250,Barbecue Station,,,,,
300265,"Barrows Services, LLC",,,,,
300290,The Aspen Winter Group,Blake Richards,(505) 506-2050,,,aspenwintergroup@outlook.com
300291,That's Great News,,(203) 649-4900,,,
300300,The Cleaning Authority,,(505) 344-9889,,,
300310,*Clean Machine Car,,,,,
300325,*Wesco Insurance Company,,,,,
300400,North Face,,,,,
300450,The Shed,,,,,
300500,*Special Touch LLC,,,,,
300540,Titan Development,,,,,
300550,Tierra de Corrales HOA,,,,,
300555,TJ Max,,,,,
300560,"TJT Group, Ltd.",,,,,
300600,Tom Hopkins International,,,,,
300625,Tom James Company,,,,,
300650,Tom Sawyer Enterprises,SimsShumaker Industr LLC,(505) 898-1007,,(505) 898-1248,
300670,Joseph & Annette Torres,,,,,
300673,Total Wine and More,,,,,
300674,ABA Touch-Em-All Foundation,,(505) 856-2255,,,
300675,"Townsend, Eric & Kimberly",,,,,
300680,Tractor Supply Company,,,,,
300690,Transamerica Retirement Solutions,,,,,
300700,Trinity Software Distribution,,,,,
300750,Tucanos,,,,,
300800,Tuesdays Children,Ex Direc Terry Sears,(516) 562-9000,,,
300850,Turn On Lighting Inc,Tom Lease or Megan Mclau,(505) 891-2124,,(505) 891-9070,turnonlighting@msn.com
300865,The Trails Community Association,,(505) 888-4479,,,
300900,Twisters,,,,,
300950,Two Men and a Truck,,(505) 672-5305,,,
301000,Tyler Baker,Hauls trash Constr Super,,,,
301020,Uber,,,,,
301050,U-Haul Equipment,,,,,
310000,ULINE,,(800) 295-5510,,,
310050,Under Armour,,,,,
310100,United Airlines,,,,,
310150,United Stationers Supply,,,,,
310200,United Stoneworks,Sherry Rosales,(505) 821-7625,,,accounting@unitedstoneworks.us
310250,University of New Mexico,,,,,
310300,Unlimited Construction Services,Ryan Elliott,,,,
310349,UNM  Lobo Baseball,,,,,
310350,UNM Lobo Club,UNM Lobo Club,(505) 925-5014,,,
310400,*UNM Publications,,,,,
310450,UPS,,,,,
310500,US Postal Service,,(800) 275-8777,,,
310550,USAF Services Force Support,Attn  Joanne Perkins,,,,
310600,USBank,,,,,
310650,"Utility Block Company, Inc.",,(505) 344-2368,,(505) 345-6294,
320000,*Valley Distributing,,,,,
320050,Verifonets,,,,,
320100,Verizon,,(800) 922-0204,,,
320150,Vernons Hidden Valley Steakhouse,,(505) 341-0831,,,
320200,Viet Rice Restaurant,,,,,
320250,Village Mercantile,,,,,
320300,Village of Corrales,,,,,
320350,Village of Los Lunas,,,,,
320400,Village Pizza,,,,,
320430,Vintage 423 Restaurant,,,,,
320440,Vista del Bosque Office Condominium Asso,Jerry Todd & Tom Reilly,,,,
320450,Valencia County Treasurer,,(505) 866-2065,,,
320500,*Volcano Cliffs Property,,,,,
320505,Volcano Vista High School,,,,,
320900,WageWorks,,,,,
324060,VistaPrint,,,,,
330000,Walgreens,,(505) 217-0983,,,
330050,Walmart,,,,,
330055,Warrior,,,,,
330100,Waste Management of New Mexico,AM Construction Solution,(505) 892-1200,,,
330200,Wayne Dalton,Michael Rhodus,(505) 888-5900,,(505) 888-5901,
330220,Wecks,,,,,
330250,Wells Fargo,,,,,
330300,West Octopus Car Wash,,,,,
330350,Western Building Supply,Linda Toppert,(505) 823-2500,,(505) 823-1035,linda@westernbuildingsupply.com
330400,WgiRegcom Web Service,,,,,
330450,Wing Stop,,,,,
330490,"Wong Mechanical, LLC",,(505) 910-7870,,,wongmechanicalllc16@gmail.com
330495,"Wordsmiths, Etc.",Susan Publicover,(207) 750-4802,,,sue@wordsmithetc.com
330500,World Market,,,,,
330550,World of Sports,,,,,
330600,Wounded Warrior Project,Exec Dir Steven Nardizzi,(904) 296-7350,,,
340000,"NV5, Inc.",,(505) 797-9743,,(505) 797-9749,contactus@x8evinyard
340100,X8 Environmental,,,,,
350000,YCD Designs LLC,,,,,
360000,Zia Graphics,,,,,
360025,"Zillow Group, Inc.","1301 Second Ave, Floor31",(206) 470-7001,,,billinginquiries@zillow.com
360050,Zuna Corporation,Bob Sisson,(505) 797-7227,,,
360100,Zybertech Software Svcs,Jakob Tornqvist,(403) 202-7291,,,
801040,Lois Adkins,,,,,
801095,Husayn Bilal or Katrina Bilal,,,,,
801115,Vernon & Chrissy  Akes,,,,,
801125,Tami Allison,,,,,
801140,Chad & Holli Andrew,,,,,
801180,Charlie & Anna Arellanes,,,,,
802010,Ken & Erin Bauer,,,,,
802011,Gabriel & Marlene Barela,,,,,
802015,Michael and Krista  Banyai,,,,,
802050,Louis & Liliana Bellantoni,,,,,
802051,Aaron & Donna Bell,,,,,
802120,Kathleen Blakely,,,,,
802121,Jessica Blair,,,,,
802122,Dana and Patrick Black,,,,,
802151,Yessica Borunda,,,,,
802155,Pratyusha Bolimunta,,,,,
802180,John & Marjorie Brink,,,,,
802181,Michael & Deanna Brunick,,,,,
802185,Dan Brannock & Judith Reid,,,,,
802210,John & Norma Burley,,,,,
802211,Linda Buckley,,,,,
803010,Elizabeth Carbajal & Joel Hernandez,,,,,
803011,Jessica Castillo,,,,,
803012,Kevin Carr,,,,,
803013,James Carnevale & Ronald Daniel,,,,,
803015,Elizabeth Loera,,,,,
803035,James & Charisma Pearson,,,,,
803080,Jimmy Chavez,,,,,
803081,Don and Michelle Chavez,,,,,
803082,Leo Chavez and Yvonne Klopp,,,,,
803083,Pacifica & Raymond Chehy,,,,,
803090,David & JoAnn Cisneros,,,,,
803120,Brian & Katherine Clark,,,,,
803121,Wallace & Kathleen Clark,,,,,
803125,Jennifer DeWinne,,,,,
803150,Darren & Donna Coffman,,,,,
803155,Don & Catherine Coker,,,,,
804010,Cecelia Davey,,,,,
804050,Ivan Del Curto,,,,,
804051,Jeremy & Lisa Dempsey,,,,,
804052,Adria De La Garza,,,,,
804053,Jimmy and Carmen DeLeon,,,,,
804095,Tony & Fila Diaz,,,,,
804155,Linda Donna,,,,,
804210,Ronald Dupuy,,,,,
805190,Stephan & Laura Esquivel,,,,,
806050,Robert & Pamela Ferreyra,,,,,
807010,Esequiel & Angela Gabaldon,,,,,
807095,Gary Gibson,,,,,
807150,Daniel & Tiffany Gonzales,,,,,
807180,Shannon Grace,,,,,
807181,Maryellen Graine,,,,,
807182,Troy & Theresa Green,,,,,
807185,Rene Grobecker,,,,,
807210,Gary & Donna Guiley,,,,,
808010,Christie Harwell,,,,,
808015,Hayley McWilliams,,,,,
808050,Jamilla Cano Herrera,,,,,
808051,Kelli A Heintz,,,,,
808150,Eunita Holmes,,,,,
808215,Mike Huffman and Audrey Pineda,,,,,
809010,Bryan Handing,,,,,
810011,Jacqueline Pennington,,,,,
810015,David Jaramillo,,,,,
810020,Irene Jaramillo,,,,,
810150,Quincy Johnson,,,,,
810155,Jana Nichols,,,,,
811050,Brian & Christy Kearny,,,,,
811090,*Scott & Cathy Kiel,,,,,
811095,Kevin and Laura King,,,,,
811140,Kenneth Kniffin,,,,,
811180,Terry Krueger,,,,,
812010,Jayson & Lisa Lane,,,,,
812011,Ralph Lucero & Paulette Lackey,,,,,
812015,Donald & Sandra Landry,,,,,
812090,Marla Lindahl,,,,,
812095,Gary Litton,,,,,
812145,Michael & Angela Lopez,,,,,
812150,Maxine Lovato,,,,,
812155,Twyla Lopez,,,,,
812215,Kurt Lucero,,,,,
813010,Anthony Mancuso,,,,,
813011,Jake Martinez,,,,,
813012,Frank & Delia Madrid,,,,,
813013,D'eldra Malone,,,,,
813014,Jesse Maestas,,,,,
813035,Jeannette McBride,,,,,
813050,Frank & Leslie Medina,,,,,
813210,Joel Murray,,,,,
813250,John & Virginia Myers,,,,,
814050,Christopher & Shannon Newey,,,,,
814051,Eddie & Vanessa Neher,,,,,
814150,Michael & Barbara Nord,,,,,
814215,Noel Nunez & Jennifer Gallegos,,,,,
815055,Ervin & Debra Oertel,,,,,
815180,Guillermo & Stacy Orquiz,,,,,
815185,Shaun and Sarah Ortiz,,,,,
816010,Bob & Barbara Pauli,REFUND DEPOSIT,,,,
816011,Debbie Pacheco,,,,,
816050,Danny & Tami Perea,,,,,
816051,John & Anna Pearson,,,,,
816052,Andres Perez,,,,,
818092,Sean & Erin Rivera,,,,,
818150,Joshua A Willis & Brieanna B Roper,,,,,
818151,Alex & Nancy Rodriguez,,,,,
818155,David & Nancy Romero,,,,,
818210,*Gregg & Frances Russell,,,,,
818211,*Carolyn Ruffino,,,,,
818212,Lenny Ruggiero,,,,,
819010,*Angela Salazar,,,,,
819011,*Jeremy & Meghan Sanchez,,,,,
819012,*Michael & Noelia Saiz,,,,,
819013,*Jesse Sarabia,,,,,
819014,*Abran Sanchez,,,,,
819015,Jason Saavedra & Tanya Saavedra-Shaw,,,,,
819016,Margaret Sanchez,,,,,
819020,Michael & Donna Sanchez,,,,,
819030,Daniel & Erica Scales,,,,,
819035,Dolores Schnieder,,,,,
819050,The Sebastian Family Living Trust,,,,,
819080,Benjamin & Laura Shaffer,,,,,
819091,Anna Sinclair,,,,,
819115,Jolynn Skopek,,,,,
819130,Brent & Dusti Smart,,,,,
819131,Kenneth & Stella Smith,,,,,
819200,Oswald & Shelby Steward,,,,,
819201,Edward & Cynthia Steinberg,,,,,
819400,*Jiffy Lube,,,,,
820010,Matthew & Sally Taylor,,,,,
820011,Brenton & Anita Taylor,,,,,
820155,Ted & Pam Torres,,,,,
821120,Charles & Terrese Ulm,,,,,
822150,Steven Von Hoff,,,,,
823010,Mark Wachter & Natalie Smith,,,,,
823090,Charlene Wiuff,,,,,
823091,Amy & Darrick Williams,,,,,
823150,Jessica and Jonathan Woodward,,,,,
826095,Erik & Dee Dee Zimmer,,,,,
831200,Cabrini Lopez-Garcia,,,,,
899995,Miscellaneous Restaurants,,,,,
899996,Miscellaneous Job-Spec Vendors,,,,,
899997,Miscellaneous Office Expense,,,,,
899998,Miscellaneous Marketing Expense,,,,,
899999,Miscellaneous Travel Vendors,,,,,
902001,Mackenzie Bishop,,,,,
902024,G Denise Baker,,,,,
902034,Jeffrey Borrego,,,,,
902090,*Elveta Bishop,,,,,
903013,Brillante Cloud,,,,,
903026,D Renee Garcia,,,,,
903035,Edwina Calderon,,,,,
903043,Joseph Cordova,,,,,
906028,Daniel Flotte,,,,,
908003,Warren Harris,,,,,
908037,Phillip A Harrison,,,,,
908039,Christopher S. Oechsler,,,,,
910019,Jed Judson,,,,,
910020,Jonah Judson,,,,,
911185,Jill Krogman,,,,,
913001,Brian McCarthy,,,,,
913005,Chris Madrid,,,,,
913014,Jeff McCrea,,,,,
913025,Reid McLean,,,,,
913027,Kenneth Martinez,,,,,
915010,Jaron Oliver,,,,,
915030,Barbara Ortiz,,,,,
915041,Emma Hotz,,,,,
918018,Sheena Ramos,,,,,
918021,Natalie Reyes,,,,,
918022,J Michael Rock,,,,,
918029,Jeremy Rodriguez,,,,,
919007,Chistopher Scott,,,,,
919011,Larry Stapp,,,,,
919020,Gary Sandoval,,,,,
919023,Thomas Stalnecker,,,,,
919031,Jessica Schroeder,,,,,
919033,Rebekah  S. Greenwood,,,,,
920032,Christopher Torres,,,,,
923036,Seth Wood,,,,,
923044,Alexander Wine,,,,,